{
    "AS-20K": [0.3027679633198822, 0.5024881196684173, 0.5355116677961994, 0.5823418485602045, 0.5153634560996632, 0.49022819631637804, 0.41971546325278897, 0.4462116290025662, 0.47615782273463625, 0.5025217852977376, 0.4805770682131723, 0.44933568882265684],
    "SPC-2": [0.2721921132529947, 0.6600141169598235, 0.6459569243417494, 0.6599967186632338, 0.6446525929772181, 0.653708812011856, 0.6550173802672666, 0.6074224919408927, 0.6562307536978141, 0.5841649358516692, 0.6310505506155211, 0.5342131642904019],
    "ESC-50": [0.4266715073529412, 0.6093636642156863, 0.6660027267156863, 0.7150453125, 0.7027666360294118, 0.6946455575980393, 0.6360208333333334, 0.6565233455882353, 0.665054381127451, 0.6624570159313725, 0.6472423406862745, 0.5927549632352941]
}
