{
    "AS-20K": [0.3206874362031184, 0.27318860651420107, 0.43139393786889635, 0.2657535198574286, 0.5093966634807299, 0.4542242155425083, 0.434421996366913, 0.611192552174205, 0.5902111973066642, 0.6539872927958108, 0.4192923588173909, 0.5003902539956496],
    "SPC-2": [0.5115517477625611, -0.2279901632014308, 0.14774624449204185, 0.11116222424150639, 0.608216052587929, 0.6349191925748037, 0.6459033772527639, 0.6918050417198531, 0.7788575539257048, 0.7303572330037573, 0.6402718281012238, 0.5472741466721476],
    "ESC-50": [0.5986025428921569, 0.39536014093137256, 0.6434565257352941, 0.49613995098039215, 0.6863943014705882, 0.5669292279411765, 0.5064299938725491, 0.6152331495098039, 0.6475997855392157, 0.6391225796568627, 0.675236274509804, 0.6297607536764706],
    "VoxCeleb-1": [0.29008007072202124, -0.04967401063406653, 0.3632143447861743, 0.49602211236448596, 0.6482968207050038, 0.7066507875698397, 0.7429116272243346, 0.7548144460073748, 0.7672531846789133, 0.7799282794637239, 0.6478791817115923, 0.6071093373666858]
}