{
    "AS-20K": [0.5198705817664251, 0.5723555464002472, 0.45537244122112425, 0.3677493679957487, 0.5372878776353144, 0.4794204502105329, 0.5337530715565926, 0.5658511196634436, 0.5549250593555151, 0.6198970144704358, 0.5863984674410144, 0.5790466515490098],
    "SPC-2": [0.15401035243720387, 0.6309077583782263, 0.5974804922726322, 0.6637091365396681, 0.7854630470998031, 0.782249320294527, 0.7867423177055163, 0.724926079776148, 0.752090229549339, 0.6998170023726589, 0.7699161816778809, 0.6562255251941758],
    "ESC-50": [0.608656556372549, 0.6512439338235294, 0.5321700674019608, 0.4110989276960784, 0.6440899203431373, 0.5645758272058824, 0.6629192401960784, 0.6618794424019608, 0.6633914522058824, 0.6874902267156863, 0.6788581801470588, 0.5887003982843138]
}
