{
    "AS-20K": [0.5410745700060389, 0.3894662165235724, 0.44216611029991876, 0.5231489083201444, 0.4359584724719726, 0.6153597850751641, 0.6245692407159509, 0.5274241356251113, 0.5484963189633216, 0.5348645084664958, 0.6396097902690632, 0.6683117570004433],
    "VoxCeleb-1": [0.40068293032618235, 0.09625727555172699, 0.5047928110208311, 0.6509559339868903, 0.6292768547624304, 0.784628608143566, 0.8055539926993371, 0.7315536243190353, 0.7465682679215068, 0.7070674556200387, 0.6723446789554773, 0.6625767215608807],
    "SPC-2": [0.6649297216993718, 0.06982900990170413, 0.2678570527105284, 0.31203935080014134, 0.5867153638677945, 0.6643530538067113, 0.6989643956931554, 0.7099543497544406, 0.738486023668895, 0.7482396169129473, 0.7047180033606658, 0.5957695996769146],
    "ESC-50": [0.5644710477941176, 0.3275661764705882, 0.5350920955882353, 0.5974, 0.5171236519607844, 0.6558135723039216, 0.6809085477941177, 0.572400612745098, 0.5727966299019608, 0.5711294424019607, 0.6445738970588235, 0.6213567708333333]
}