{
    "AS-20K": [0.34294406408452777, 0.0787000162668772, 0.2614107718654599, 0.3414553635931357, 0.23877452873850374, 0.4750148152407078, 0.5112418673385456, 0.37209321936744577, 0.3990938652242531, 0.3699907896045031, 0.4674532487242437, 0.5104812663251629],
    "SPC-2": [0.6086554271867766, -0.1899319753647332, 0.06300743529276015, 0.11899551430446478, 0.5666630608020885, 0.6501880458377505, 0.6688416340335922, 0.698965116866071, 0.725593615456178, 0.6880697266033476, 0.6076184706807151, 0.49371452730721244],
    "ESC-50": [0.5062614276960784, 0.19860747549019608, 0.4694643075980392, 0.5192746323529411, 0.476628431372549, 0.5776410232843138, 0.6513107536764706, 0.5246780637254902, 0.5489427696078432, 0.5253717218137255, 0.5935010110294118, 0.5587984068627451],
    "VoxCeleb-1": [0.3250141035060448, -0.02102176734611543, 0.4649254157741895, 0.6239802094497945, 0.6185252281286666, 0.7741386062348844, 0.7958710484241843, 0.7179336720823261, 0.7349043067275721, 0.6919562513444969, 0.6214304551325215, 0.6192872777266398]
}